Name,Type,Attunement,Price,Source,Damage,Description
Aberrant Nail (Very Rare),Weapon,Yes,"B+200,000 GP",GSB,Weapon's normal damage,"Aberrant Nail is a very rare magical weapon with potent combat properties, such as enhanced attacks, additional damage, special conditions, or limited activated abilities."
Ai Hao's Fang (Very Rare),Weapon,Yes-Monk,"B+200,000 GP",GSB,Weapon's normal damage,"Ai Hao's Fang is a very rare magical weapon with potent combat properties, such as enhanced attacks, additional damage, special conditions, or limited activated abilities."
Amulet of Radiant Protection (Very Rare),Wondrous Item,"Yes-Cleric, Paladin","200,000 GP",GSB,Radiant,"Amulet of Radiant Protection is a very rare neck-worn magic item that grants a powerful protective, restorative, sensory, or spell-like benefit."
Angelic Plate (Very Rare),Armor,Yes,"B+200,000 GP",GSB,-,"Angelic Plate is a very rare magical defensive item with powerful protective, reactive, movement, or environmental properties associated with its enchantment."
Apparatus of Kwalish (Very Rare),Wondrous Item,-,"200,000 GP",DMG,Bludgeoning,"This Large mechanical vehicle unfolds from a barrel-like form into a lobster-shaped submersible. Creatures inside can use its levers to move, open or close portholes, operate lights, and make claw attacks that can grapple or crush targets."
Armor (Very Rare),Armor,-,Varies,DMG,-,This entry represents a suit of magic armor whose exact armor type determines its base Armor Class and mundane properties; the item's specific enchantment determines any additional magical bonus or effect.
Armor of Invulnerability (Very Rare),Armor,Attunement,"B+200,000 GP",DMG,-,"This magic plate armor grants resistance to nonmagical damage. Once per day, the wearer can use an action to become immune to nonmagical damage for 10 minutes."
Armor of the Lost Angel (Very Rare),Armor,Yes,"B+200,000 GP",GSB,-,"Armor of the Lost Angel is a very rare magical defensive item with powerful protective, reactive, movement, or environmental properties associated with its enchantment."
Armor of the Platinum Lord (Very Rare),Armor,Yes-Cleric or Paladin,"B+200,000 GP",GSB,-,"Armor of the Platinum Lord is a very rare magical defensive item with powerful protective, reactive, movement, or environmental properties associated with its enchantment."
Armor of the Stone Citadel (Very Rare),Armor,Yes,"B+200,000 GP",GSB,-,"Armor of the Stone Citadel is a very rare magical defensive item with powerful protective, reactive, movement, or environmental properties associated with its enchantment."
Asclepian Staff (Very Rare),Staff,"Yes-Bard, Cleric, Druid, Paladin, Ranger","200,000 GP",GSB,-,Asclepian Staff is a very rare magical staff that serves as a weapon or focus and carries one or more powerful magical abilities.
Astral Aegis (Very Rare),Armor,Yes,"B+200,000 GP",GSB,-,"Astral Aegis is a very rare magical defensive item with powerful protective, reactive, movement, or environmental properties associated with its enchantment."
Astral Sea Piercer (Very Rare),Weapon,Yes,"B+200,000 GP",GSB,Weapon's normal damage,"Astral Sea Piercer is a very rare magical weapon with potent combat properties, such as enhanced attacks, additional damage, special conditions, or limited activated abilities."
Axe of Essential Inversion (Very Rare),Weapon,Yes,"B+200,000 GP",GSB,Weapon's normal damage,"Axe of Essential Inversion is a very rare magical weapon with potent combat properties, such as enhanced attacks, additional damage, special conditions, or limited activated abilities."
Battleborn Gloves (Very Rare),Wondrous Item,Yes,"200,000 GP",GSB,-,"Battleborn Gloves is a very rare magical wondrous item with powerful utility, defensive, movement, control, or combat-related supernatural properties."
Belt of Giant Strength (Very Rare),Wondrous Item,Attunement,Varies,DMG,-,"While worn, this belt sets the wearer's Strength to a value determined by the giant type associated with the belt, unless the wearer's Strength is already higher."
Black Hole (Very Rare),Weapon,Yes,"B+200,000 GP",GSB,Weapon's normal damage,"Black Hole is a very rare magical weapon with potent combat properties, such as enhanced attacks, additional damage, special conditions, or limited activated abilities."
Blade of the Unbroken Circle (Very Rare),Weapon,Yes,"B+200,000 GP",GSB,Weapon's normal damage,"Blade of the Unbroken Circle is a very rare magical weapon with potent combat properties, such as enhanced attacks, additional damage, special conditions, or limited activated abilities."
Blindfold of Judgement (Very Rare),Wondrous Item,Yes-Lawful,"200,000 GP",GSB,-,"Blindfold of Judgement is a very rare magical focus or object that stores, reveals, enhances, or releases a powerful supernatural effect."
Blooddrinker (Very Rare),Weapon,Yes,"B+200,000 GP",GSB,Weapon's normal damage,"Blooddrinker is a very rare magical weapon with potent combat properties, such as enhanced attacks, additional damage, special conditions, or limited activated abilities."
Bloodmire Soulflame Lantern (Very Rare),Wondrous Item,Yes,"200,000 GP",GSB,Fire,"Bloodmire Soulflame Lantern is a very rare magical wondrous item with powerful utility, defensive, movement, control, or combat-related supernatural properties."
Bloodscryer Oculus (Very Rare),Wondrous Item,Yes-Ranger,"200,000 GP",GSB,-,"Bloodscryer Oculus is a very rare magical wondrous item with powerful utility, defensive, movement, control, or combat-related supernatural properties."
Blue Dragon Horn Shield (Very Rare),Armor,Yes,"B+200,000 GP",GSB,-,"Blue Dragon Horn Shield is a very rare magical defensive item with powerful protective, reactive, movement, or environmental properties associated with its enchantment."
Bolide Blade (Very Rare),Weapon,Yes,"B+200,000 GP",GSB,Weapon's normal damage,"Bolide Blade is a very rare magical weapon with potent combat properties, such as enhanced attacks, additional damage, special conditions, or limited activated abilities."
Breastplate of Kamvuul Norek (Very Rare),Armor,Attunement,"200,000 GP",EB,-,"Breastplate of Kamvuul Norek is a very rare magical defensive item with powerful protective, reactive, movement, or environmental properties associated with its enchantment."
Call and Response (Very Rare),Weapon,Yes,"B+200,000 GP",GSB,Weapon's normal damage,"Call and Response is a very rare magical weapon with potent combat properties, such as enhanced attacks, additional damage, special conditions, or limited activated abilities."
Candelabra Scepter (Very Rare),Rod,Yes-Spellcaster,"200,000 GP",GSB,-,"Candelabra Scepter is a very rare magical rod with a potent activated utility, control, defensive, or combat effect."
Celestial Ambrosia (Very Rare),Potion,No,"100,000 GP",GSB,Radiant,"Celestial Ambrosia is a very rare consumable magic item that produces a powerful temporary restorative, transformative, protective, or spell-like effect when used."
Celestial Bident (Very Rare),Weapon,"Yes-Cleric, Paladin","B+200,000 GP",GSB,Radiant + weapon's normal damage,"Celestial Bident is a very rare magical weapon with potent combat properties, such as enhanced attacks, additional damage, special conditions, or limited activated abilities."
Celestial Gate (Very Rare),Wondrous Item,No,"200,000 GP",GSB,Radiant,"Celestial Gate is a very rare magical wondrous item with powerful utility, defensive, movement, control, or combat-related supernatural properties."
Censer Chime (Very Rare),Wondrous Item,No,"200,000 GP",GSB,-,"Censer Chime is a very rare magical wondrous item with powerful utility, defensive, movement, control, or combat-related supernatural properties."
Chillspike (Very Rare),Weapon,Yes,"B+200,000 GP",GSB,Weapon's normal damage,"Chillspike is a very rare magical weapon with potent combat properties, such as enhanced attacks, additional damage, special conditions, or limited activated abilities."
Circlet of Resonant Spheres (Very Rare),Wondrous Item,"Yes-Bard, Wizard","200,000 GP",GSB,-,"Circlet of Resonant Spheres is a very rare magical wondrous item with powerful utility, defensive, movement, control, or combat-related supernatural properties."
Cloak of Invisibility (Very Rare),Wondrous Item,Attunement,"200,000 GP",DMG,-,"Pulling up this cloak's hood makes the wearer invisible. The cloak can sustain invisibility for a limited total duration, measured in increments while the hood is up, and regains expended duration after it has not been used for a period of time."
Cloak of the Midwinter Solsticekeeper (Very Rare),Wondrous Item,Yes,"200,000 GP",GSB,Cold,"Cloak of the Midwinter Solsticekeeper is a very rare magical garment that grants a powerful protective, concealment, movement, sensory, or transformation effect."
Coldfire Phoenix Draft (Very Rare),Potion,No,"100,000 GP",GSB,Fire + Cold,"Coldfire Phoenix Draft is a very rare consumable magic item that produces a powerful temporary restorative, transformative, protective, or spell-like effect when used."
Corvus Pyre (Very Rare),Weapon,Yes,"B+200,000 GP",GSB,Weapon's normal damage,"Corvus Pyre is a very rare magical weapon with potent combat properties, such as enhanced attacks, additional damage, special conditions, or limited activated abilities."
Crown of Calamity (Very Rare),Wondrous Item,Yes,"200,000 GP",GSB,-,"Crown of Calamity is a very rare magical wondrous item with powerful utility, defensive, movement, control, or combat-related supernatural properties."
Crown of Storms (Very Rare),Wondrous Item,Yes,"200,000 GP",GSB,-,"Crown of Storms is a very rare magical wondrous item with powerful utility, defensive, movement, control, or combat-related supernatural properties."
Crown of the Cursed King (Very Rare),Wondrous Item,Yes,"200,000 GP",GSB,-,"Crown of the Cursed King is a very rare magical wondrous item with powerful utility, defensive, movement, control, or combat-related supernatural properties."
Crypt Keeper Glaive (Very Rare),Weapon,Yes,"B+200,000 GP",GSB,Weapon's normal damage,"Crypt Keeper Glaive is a very rare magical weapon with potent combat properties, such as enhanced attacks, additional damage, special conditions, or limited activated abilities."
Crystal Ball of Mind Reading (Very Rare),Wondrous Item,Attunement,"200,000 GP",DMG,-,"This crystal ball functions as a powerful scrying focus. While observing a creature through it, the user can also employ mind-reading magic against that creature."
Crystal Ball of Storms (Very Rare),Wondrous Item,Yes,"200,000 GP",GSB,-,"Crystal Ball of Storms is a very rare magical focus or object that stores, reveals, enhances, or releases a powerful supernatural effect."
Crystal Ball of Telepathy (Very Rare),Wondrous Item,Attunement,"200,000 GP",DMG,-,This crystal ball functions as a scrying focus and additionally allows telepathic communication with a creature being observed through it.
Crystal Ball of True Seeing (Very Rare),Wondrous Item,Attunement,"200,000 GP",DMG,-,This crystal ball functions as a scrying focus and grants truesight while the user looks through it.
Cubic Gate (Very Rare),Wondrous Item,-,"200,000 GP",DMG,-,Each face of this cube is keyed to a plane. Spending charges can open a gate to the plane linked to a selected face or banish nearby creatures to their native planes; the cube regains expended charges.
Cursive (Very Rare),Weapon,Yes,"B+200,000 GP",GSB,Weapon's normal damage,"Cursive is a very rare magical weapon with potent combat properties, such as enhanced attacks, additional damage, special conditions, or limited activated abilities."
Cymrith (Very Rare),Weapon,Yes,"B+200,000 GP",GSB,Weapon's normal damage,"Cymrith is a very rare magical weapon with potent combat properties, such as enhanced attacks, additional damage, special conditions, or limited activated abilities."
Davy Jones' Key (Very Rare),Weapon,Yes,"B+200,000 GP",GSB,Weapon's normal damage,"Davy Jones' Key is a very rare magical weapon with potent combat properties, such as enhanced attacks, additional damage, special conditions, or limited activated abilities."
Death's Shadow (Very Rare),Wondrous Item,Yes,"200,000 GP",GSB,Necrotic,"Death's Shadow is a very rare magical wondrous item with powerful utility, defensive, movement, control, or combat-related supernatural properties."
Deck of Many Things (Very Rare),Wondrous Item,-,"200,000 GP",DMG,Varies,"This legendary deck produces powerful, unpredictable effects when cards are deliberately drawn. Results range from major rewards and permanent boons to imprisonment, loss of possessions, hostile creatures, or other campaign-changing consequences."
Defender (Very Rare),Weapon,Attunement,"B+200,000 GP",DMG,Weapon's normal damage,This +3 magic sword lets its wielder transfer some or all of the weapon's enhancement bonus from attack and damage rolls to Armor Class until the start of the wielder's next turn.
Dragon Queen's Cloak (Very Rare),Wondrous Item,Yes,"200,000 GP",GSB,-,"Dragon Queen's Cloak is a very rare magical garment that grants a powerful protective, concealment, movement, sensory, or transformation effect."
Dragon Tamer Lance (Very Rare),Weapon,Yes,"B+200,000 GP",GSB,Weapon's normal damage,"Dragon Tamer Lance is a very rare magical weapon with potent combat properties, such as enhanced attacks, additional damage, special conditions, or limited activated abilities."
Dragon-kindled Edge (Very Rare),Weapon,Yes,"B+200,000 GP",GSB,Weapon's normal damage,"Dragon-kindled Edge is a very rare magical weapon with potent combat properties, such as enhanced attacks, additional damage, special conditions, or limited activated abilities."
Dragonkin Weapon (Very Rare),Weapon,Yes-Dragonborn,"B+200,000 GP",GSB,Weapon's normal damage,"Dragonkin Weapon is a very rare magical weapon with potent combat properties, such as enhanced attacks, additional damage, special conditions, or limited activated abilities."
Dragonscale Whetstone (Very Rare),Wondrous Item,No,"200,000 GP",GSB,-,"Dragonscale Whetstone is a very rare magical focus or object that stores, reveals, enhances, or releases a powerful supernatural effect."
Dragonwing Scimitars (Very Rare),Weapon,Yes,"B+200,000 GP",GSB,Weapon's normal damage,"Dragonwing Scimitars is a very rare magical weapon with potent combat properties, such as enhanced attacks, additional damage, special conditions, or limited activated abilities."
Drift Bangles (Very Rare),Wondrous Item,Yes,"200,000 GP",GSB,-,"Drift Bangles is a very rare magical wondrous item with powerful utility, defensive, movement, control, or combat-related supernatural properties."
Drift Bangles (Very Rare),Wondrous Item,Yes,"200,000 GP",GSB,-,"Drift Bangles is a very rare magical wondrous item with powerful utility, defensive, movement, control, or combat-related supernatural properties."
Efreeti Bangles (Very Rare),Wondrous Item,Yes,"200,000 GP",GSB,-,"Efreeti Bangles is a very rare magical wondrous item with powerful utility, defensive, movement, control, or combat-related supernatural properties."
Efreeti Chain (Very Rare),Armor,Attunement,"B+200,000 GP",DMG,-,"This +3 chain mail grants immunity to fire damage, lets the wearer understand and speak Primordial, and allows the wearer to move safely across molten rock as though it were solid ground."
Emberheart Hammer (Very Rare),Weapon,Yes,"B+200,000 GP",GSB,Fire + weapon's normal damage,"Emberheart Hammer is a very rare magical weapon with potent combat properties, such as enhanced attacks, additional damage, special conditions, or limited activated abilities."
Enspelled Armor (Very Rare),Armor,Attunement,Varies,DMG,Varies,"This magic armor stores a specific spell. While wearing it, the attuned user can expend one of the armor's charges to cast that spell using the item's fixed spellcasting parameters; expended charges return after a long rest or at dawn, depending on the version."
Enspelled Staff (Very Rare),Staff,Attunement,Varies,DMG,Weapon's normal damage / varies,This magic staff stores a specific spell. An attuned wielder can expend charges to cast the stored spell using the staff's fixed spellcasting parameters; it also functions as a magic staff weapon.
Enspelled Weapon (Very Rare),Weapon,Attunement,Varies,DMG,Weapon's normal damage / varies,This magic weapon stores a specific spell. An attuned wielder can expend charges to cast that spell using the item's fixed spellcasting parameters while retaining the weapon's normal combat properties.
Eternal Slayer (Very Rare),Weapon,Yes,"B+200,000 GP",GSB,Weapon's normal damage,"Eternal Slayer is a very rare magical weapon with potent combat properties, such as enhanced attacks, additional damage, special conditions, or limited activated abilities."
Eye of Iron Sight (Very Rare),Wondrous Item,Yes-Missing an Eye,"200,000 GP",GSB,-,"Eye of Iron Sight is a very rare magical wondrous item with powerful utility, defensive, movement, control, or combat-related supernatural properties."
Fell-Rider Chariot (Very Rare),Wondrous Item,No,"200,000 GP",GSB,-,"Fell-Rider Chariot is a very rare magical wondrous item with powerful utility, defensive, movement, control, or combat-related supernatural properties."
Festerwoods Light (Very Rare),Weapon,Yes,"B+200,000 GP",GSB,Weapon's normal damage,"Festerwoods Light is a very rare magical weapon with potent combat properties, such as enhanced attacks, additional damage, special conditions, or limited activated abilities."
Fists of Fury (Very Rare),Wondrous Item,Yes,"200,000 GP",GSB,-,"Fists of Fury is a very rare magical wondrous item with powerful utility, defensive, movement, control, or combat-related supernatural properties."
Forgemasters Might (Very Rare),Weapon,Yes,"B+200,000 GP",GSB,Weapon's normal damage,"Forgemasters Might is a very rare magical weapon with potent combat properties, such as enhanced attacks, additional damage, special conditions, or limited activated abilities."
Form of Order (Very Rare),Weapon,Yes,"B+200,000 GP",GSB,Weapon's normal damage,"Form of Order is a very rare magical weapon with potent combat properties, such as enhanced attacks, additional damage, special conditions, or limited activated abilities."
Fūjin Reactor (Very Rare),Rod,Yes-Spellcaster,"200,000 GP",GSB,-,"Fūjin Reactor is a very rare magical rod with a potent activated utility, control, defensive, or combat effect."
Gladius of the Everfighter (Very Rare),Weapon,Yes-Fighter,"B+200,000 GP",GSB,Weapon's normal damage,"Gladius of the Everfighter is a very rare magical weapon with potent combat properties, such as enhanced attacks, additional damage, special conditions, or limited activated abilities."
Glaive of the Revenant King (Very Rare),Weapon,Yes,"B+200,000 GP",GSB,Weapon's normal damage,"Glaive of the Revenant King is a very rare magical weapon with potent combat properties, such as enhanced attacks, additional damage, special conditions, or limited activated abilities."
Godsteel Barrier (Very Rare),Armor,Yes,"B+200,000 GP",GSB,-,"Godsteel Barrier is a very rare magical defensive item with powerful protective, reactive, movement, or environmental properties associated with its enchantment."
Godsteel Wargauntlets (Very Rare),Wondrous Item,Yes,"200,000 GP",GSB,-,"Godsteel Wargauntlets is a very rare magical wondrous item with powerful utility, defensive, movement, control, or combat-related supernatural properties."
Godsteel Warplate (Very Rare),Armor,Yes,"B+200,000 GP",GSB,-,"Godsteel Warplate is a very rare magical defensive item with powerful protective, reactive, movement, or environmental properties associated with its enchantment."
Godsteel Worldcarver (Very Rare),Weapon,Yes,"B+200,000 GP",GSB,Weapon's normal damage,"Godsteel Worldcarver is a very rare magical weapon with potent combat properties, such as enhanced attacks, additional damage, special conditions, or limited activated abilities."
Gorget of the Holy Soldier (Very Rare),Wondrous Item,Yes-Good Aligned,"200,000 GP",GSB,Radiant,"Gorget of the Holy Soldier is a very rare magical wondrous item with powerful utility, defensive, movement, control, or combat-related supernatural properties."
Grasp of Gravity (Very Rare),Wondrous Item,Yes,"200,000 GP",GSB,-,"Grasp of Gravity is a very rare magical wondrous item with powerful utility, defensive, movement, control, or combat-related supernatural properties."
Guardian's Reliquary (Very Rare),Wondrous Item,Yes-Missing an Arm,"200,000 GP",GSB,-,"Guardian's Reliquary is a very rare magical wondrous item with powerful utility, defensive, movement, control, or combat-related supernatural properties."
H'rethi Desperation (Very Rare),Weapon,Yes,"B+200,000 GP",GSB,Weapon's normal damage,"H'rethi Desperation is a very rare magical weapon with potent combat properties, such as enhanced attacks, additional damage, special conditions, or limited activated abilities."
Hag's Claw (Very Rare),Weapon,Yes,"B+200,000 GP",GSB,Weapon's normal damage,"Hag's Claw is a very rare magical weapon with potent combat properties, such as enhanced attacks, additional damage, special conditions, or limited activated abilities."
Hailstorm Bow (Very Rare),Weapon,Yes,"B+200,000 GP",GSB,Weapon's normal damage,"Hailstorm Bow is a very rare magical weapon with potent combat properties, such as enhanced attacks, additional damage, special conditions, or limited activated abilities."
Half Plate of the Blind Martyr (Very Rare),Armor,Yes-Cleric,"B+200,000 GP",GSB,-,"Half Plate of the Blind Martyr is a very rare magical defensive item with powerful protective, reactive, movement, or environmental properties associated with its enchantment."
Hammer of Thunderbolts (Very Rare),Weapon,Attunement,"B+200,000 GP",DMG,Weapon's normal damage,"This magic maul grants a bonus to attack and damage rolls. When used together with gauntlets of ogre power and a belt of giant strength, it can unlock stronger abilities, including increased Strength and a thrown thunderous attack that can stun creatures."
Heart of Damned Intervention (Very Rare),Wondrous Item,"Yes-Cleric, Paladin","200,000 GP",GSB,-,"Heart of Damned Intervention is a very rare magical wondrous item with powerful utility, defensive, movement, control, or combat-related supernatural properties."
Heaven's Edge (Very Rare),Weapon,Yes,"B+200,000 GP",GSB,Weapon's normal damage,"Heaven's Edge is a very rare magical weapon with potent combat properties, such as enhanced attacks, additional damage, special conditions, or limited activated abilities."
Heavens Gavel (Very Rare),Weapon,Yes-Good Aligned,"B+200,000 GP",GSB,Weapon's normal damage,"Heavens Gavel is a very rare magical weapon with potent combat properties, such as enhanced attacks, additional damage, special conditions, or limited activated abilities."
Helios Spear (Very Rare),Weapon,Yes,"B+200,000 GP",GSB,Weapon's normal damage,"Helios Spear is a very rare magical weapon with potent combat properties, such as enhanced attacks, additional damage, special conditions, or limited activated abilities."
Helm of the Dawn Guardian (Very Rare),Wondrous Item,Yes,"200,000 GP",GSB,-,"Helm of the Dawn Guardian is a very rare magical wondrous item with powerful utility, defensive, movement, control, or combat-related supernatural properties."
Helm of the Justicars (Very Rare),Wondrous Item,Yes,"200,000 GP",GSB,-,"Helm of the Justicars is a very rare magical wondrous item with powerful utility, defensive, movement, control, or combat-related supernatural properties."
Hide of the Wild Guardian (Very Rare),Wondrous Item,Yes-Druid,"200,000 GP",GSB,-,"Hide of the Wild Guardian is a very rare magical wondrous item with powerful utility, defensive, movement, control, or combat-related supernatural properties."
Holy Avenger (Very Rare),Wondrous Item,Attunement,"B+200,000 GP",DMG,Weapon's normal damage + radiant,"This +3 magic weapon deals extra radiant damage to fiends and undead. In the hands of a paladin, it also projects an aura that grants allies strong protection against spells and magical effects."
Horn of Valhalla (Very Rare),Wondrous Item,-,Varies,DMG,Weapon damage from summoned warriors,"Blowing this horn summons spectral berserk warriors that fight for the user for a limited time. The number and requirements depend on the horn's material, and the horn cannot be used again for several days."
Houseward (Very Rare),Wondrous Item,-,"100,000 GP",EB,-,"Houseward is a very rare magical wondrous item with powerful utility, defensive, movement, control, or combat-related supernatural properties."
Hrathi Soul Scepter (Very Rare),Rod,Yes-Spellcaster,"200,000 GP",GSB,-,"Hrathi Soul Scepter is a very rare magical rod with a potent activated utility, control, defensive, or combat effect."
Indigo Stray's Conviction (Very Rare),Wondrous Item,Yes,"200,000 GP",GSB,-,"Indigo Stray's Conviction is a very rare magical wondrous item with powerful utility, defensive, movement, control, or combat-related supernatural properties."
Infernal Chess Set (Very Rare),Wondrous Item,No,"200,000 GP",GSB,-,"Infernal Chess Set is a very rare magical wondrous item with powerful utility, defensive, movement, control, or combat-related supernatural properties."
Infernal Enforcer (Very Rare),Weapon,Yes,"B+200,000 GP",GSB,Force + weapon's normal damage,"Infernal Enforcer is a very rare magical weapon with potent combat properties, such as enhanced attacks, additional damage, special conditions, or limited activated abilities."
Instrument of the Bards (Very Rare),Wondrous Item,Attunement,Varies,DMG,Varies,"This magical instrument can cast a set of spells, with additional spells determined by the instrument's type. A bard attuned to it also makes charm effects created by spells cast through the instrument harder to resist."
Ioun Stone (Very Rare),Wondrous Item,Attunement,Varies,DMG,Varies,"When released, this magic stone orbits the user's head and grants a benefit determined by its type. The stone can be attacked or grabbed while orbiting and can be suppressed by certain magic."
Iron Flask (Very Rare),Wondrous Item,-,"200,000 GP",DMG,Varies,"This iron bottle can imprison an extraplanar creature that fails a saving throw. Opening the flask releases the captive, and the creature may obey the opener for a limited time depending on how it was captured."
Life Turner (Very Rare),Wondrous Item,No,"200,000 GP",GSB,-,"Life Turner is a very rare magical wondrous item with powerful utility, defensive, movement, control, or combat-related supernatural properties."
Life's Edge (Very Rare),Weapon,Yes-Paladin,"B+200,000 GP",GSB,Weapon's normal damage,"Life's Edge is a very rare magical weapon with potent combat properties, such as enhanced attacks, additional damage, special conditions, or limited activated abilities."
Lightseer's Gaze (Very Rare),Wondrous Item,Yes-Monk,"200,000 GP",GSB,-,"Lightseer's Gaze is a very rare magical wondrous item with powerful utility, defensive, movement, control, or combat-related supernatural properties."
Loves Embrace (Very Rare),Weapon,Yes,"B+200,000 GP",GSB,Weapon's normal damage,"Loves Embrace is a very rare magical weapon with potent combat properties, such as enhanced attacks, additional damage, special conditions, or limited activated abilities."
Luck Blade (Very Rare),Weapon,Attunement,"B+200,000 GP",DMG,Weapon's normal damage,"This magic sword grants a bonus to attack and damage rolls and gives its bearer a bonus to saving throws. It also has a limited luck ability that can reroll an attack roll, ability check, or saving throw, and some luck blades contain charges of wish."
Mage Eater Scythe (Very Rare),Weapon,Yes,"B+200,000 GP",GSB,Weapon's normal damage,"Mage Eater Scythe is a very rare magical weapon with potent combat properties, such as enhanced attacks, additional damage, special conditions, or limited activated abilities."
Mark of the Everglacier Monarch (Very Rare),Wondrous Item,Yes-Spellcaster,"200,000 GP",GSB,Cold,"Mark of the Everglacier Monarch is a very rare magical wondrous item with powerful utility, defensive, movement, control, or combat-related supernatural properties."
Mask of the Jackal (Very Rare),Wondrous Item,Yes,"200,000 GP",GSB,-,"Mask of the Jackal is a very rare magical wondrous item with powerful utility, defensive, movement, control, or combat-related supernatural properties."
Mask of the Planeseeker (Very Rare),Wondrous Item,Yes,"200,000 GP",GSB,-,"Mask of the Planeseeker is a very rare magical wondrous item with powerful utility, defensive, movement, control, or combat-related supernatural properties."
Mastery Gem (Very Rare),Wondrous Item,No,"200,000 GP",GSB,-,"Mastery Gem is a very rare magical focus or object that stores, reveals, enhances, or releases a powerful supernatural effect."
Memento of the Shapeless (Very Rare),Weapon,Yes,"B+200,000 GP",GSB,Weapon's normal damage,"Memento of the Shapeless is a very rare magical weapon with potent combat properties, such as enhanced attacks, additional damage, special conditions, or limited activated abilities."
Meta Mantle (Very Rare),Wondrous Item,Yes-Sorcerer,"200,000 GP",GSB,-,"Meta Mantle is a very rare magical garment that grants a powerful protective, concealment, movement, sensory, or transformation effect."
Mirrored Ball of Brag'inir (Very Rare),Wondrous Item,No,"200,000 GP",GSB,-,"Mirrored Ball of Brag'inir is a very rare magical wondrous item with powerful utility, defensive, movement, control, or combat-related supernatural properties."
Mister Bottle (Very Rare),Wondrous Item,No,"200,000 GP",GSB,-,"Mister Bottle is a very rare magical wondrous item with powerful utility, defensive, movement, control, or combat-related supernatural properties."
Moonblade (Very Rare),Weapon,Attunement,"B+200,000 GP",DMG,Weapon's normal damage,"This hereditary elven longsword bonds only to a worthy heir. Each rune on the blade represents a former bearer and grants a property; its powers can include enhancement bonuses, extra damage, defensive traits, or other magic, and the blade is sentient."
Moonfallen Bow (Very Rare),Weapon,Yes,"B+200,000 GP",GSB,Weapon's normal damage,"Moonfallen Bow is a very rare magical weapon with potent combat properties, such as enhanced attacks, additional damage, special conditions, or limited activated abilities."
"Morath, Scepter of the Soul Vortex (Very Rare)",Rod,Yes-Spellcaster,"200,000 GP",GSB,-,"Morath, Scepter of the Soul Vortex is a very rare magical rod with a potent activated utility, control, defensive, or combat effect."
Mostly Invisible Wand (Very Rare),Wand,No,"200,000 GP",GSB,-,Mostly Invisible Wand is a very rare magical wand with charges or limited uses that produce a powerful spell-like or supernatural effect.
Mourningsteel Half Plate (Very Rare),Armor,Yes,"B+200,000 GP",GSB,-,"Mourningsteel Half Plate is a very rare magical defensive item with powerful protective, reactive, movement, or environmental properties associated with its enchantment."
Myceliaweave Circlet (Very Rare),Wondrous Item,Yes,"200,000 GP",GSB,-,"Myceliaweave Circlet is a very rare magical wondrous item with powerful utility, defensive, movement, control, or combat-related supernatural properties."
Navis Anima (Very Rare),Wondrous Item,No,"200,000 GP",GSB,-,"Navis Anima is a very rare magical wondrous item with powerful utility, defensive, movement, control, or combat-related supernatural properties."
Octavius' Saber (Very Rare),Weapon,Yes-Rogue,"B+200,000 GP",GSB,Weapon's normal damage,"Octavius' Saber is a very rare magical weapon with potent combat properties, such as enhanced attacks, additional damage, special conditions, or limited activated abilities."
Orange Cicatrizer's Debt (Very Rare),Wondrous Item,Yes-Wis 17,"200,000 GP",GSB,-,"Orange Cicatrizer's Debt is a very rare magical wondrous item with powerful utility, defensive, movement, control, or combat-related supernatural properties."
Pact Card (Very Rare),Wondrous Item,No,"200,000 GP",GSB,-,"Pact Card is a very rare magical wondrous item with powerful utility, defensive, movement, control, or combat-related supernatural properties."
Pauldron of the Lost Legion (Very Rare),Wondrous Item,Yes,"200,000 GP",GSB,-,"Pauldron of the Lost Legion is a very rare magical wondrous item with powerful utility, defensive, movement, control, or combat-related supernatural properties."
Pike of the Forgotten Legion (Very Rare),Weapon,Yes,"B+200,000 GP",GSB,Weapon's normal damage,"Pike of the Forgotten Legion is a very rare magical weapon with potent combat properties, such as enhanced attacks, additional damage, special conditions, or limited activated abilities."
Plate Armor of Etherealness (Very Rare),Armor,Attunement,"B+200,000 GP",DMG,-,"While wearing this +3 plate armor, the wearer can use its limited daily magic to enter the Ethereal Plane for a short duration, returning when the effect ends."
Potion of Giant Strength (Very Rare),Potion,-,Varies,DMG,-,"Drinking this potion sets the drinker's Strength to a value based on the giant type associated with the potion for 1 hour, unless the drinker's Strength is already higher."
Primordial Earth Heart (Very Rare),Wondrous Item,Yes,"200,000 GP",GSB,-,"Primordial Earth Heart is a very rare magical wondrous item with powerful utility, defensive, movement, control, or combat-related supernatural properties."
Purity Spear (Very Rare),Weapon,Yes-Good Aligned,"B+200,000 GP",GSB,Weapon's normal damage,"Purity Spear is a very rare magical weapon with potent combat properties, such as enhanced attacks, additional damage, special conditions, or limited activated abilities."
Puzzle Ring (Very Rare),Ring,Yes-Paladin,"200,000 GP",GSB,-,Puzzle Ring is a very rare magical ring that grants a powerful passive benefit or limited supernatural ability while worn.
Quiver of Elemental Chaos (Very Rare),Wondrous Item,Yes,"200,000 GP",GSB,-,"Quiver of Elemental Chaos is a very rare magical wondrous item with powerful utility, defensive, movement, control, or combat-related supernatural properties."
Realmswarden Greataxe (Very Rare),Weapon,Yes,"B+200,000 GP",GSB,Weapon's normal damage,"Realmswarden Greataxe is a very rare magical weapon with potent combat properties, such as enhanced attacks, additional damage, special conditions, or limited activated abilities."
Red Claws Regalia (Very Rare),Wondrous Item,Yes,"200,000 GP",GSB,-,"Red Claws Regalia is a very rare magical wondrous item with powerful utility, defensive, movement, control, or combat-related supernatural properties."
Red Queen's Burden (Very Rare),Weapon,Yes,"B+200,000 GP",GSB,Weapon's normal damage,"Red Queen's Burden is a very rare magical weapon with potent combat properties, such as enhanced attacks, additional damage, special conditions, or limited activated abilities."
Red Rider's Blade (Very Rare),Weapon,Yes,"B+200,000 GP",GSB,Weapon's normal damage,"Red Rider's Blade is a very rare magical weapon with potent combat properties, such as enhanced attacks, additional damage, special conditions, or limited activated abilities."
Rejuvenating Draft (Very Rare),Potion,No,"100,000 GP",GSB,-,"Rejuvenating Draft is a very rare consumable magic item that produces a powerful temporary restorative, transformative, protective, or spell-like effect when used."
Reliquary of Holy Memories (Very Rare),Rod,"Yes-Cleric, Paladin","200,000 GP",GSB,Radiant,"Reliquary of Holy Memories is a very rare magical rod with a potent activated utility, control, defensive, or combat effect."
Ring of Djinni Summoning (Very Rare),Ring,Attunement,"200,000 GP",DMG,Varies,"While wearing this ring, the attuned user can summon a specific djinni from the Elemental Plane of Air. The djinni appears nearby, obeys commands for a limited time, and cannot be summoned again until the ring recharges."
Ring of Elemental Command (Very Rare),Ring,Attunement,"200,000 GP",DMG,Varies,"This ring is tied to one elemental plane and grants related powers. It can influence or control elementals of that type, provides defensive benefits, and unlocks additional spells and abilities after the wearer helps defeat an elemental of the associated kind."
Ring of Invisibility (Very Rare),Ring,Attunement,"200,000 GP",DMG,-,"While wearing this ring, the user can become invisible as an action. The invisibility lasts until the ring is removed, the wearer attacks or casts a spell, or the wearer ends the effect."
Ring of Spell Turning (Very Rare),Ring,Attunement,"200,000 GP",DMG,-,"This ring grants advantage on saving throws against spells that target only the wearer. When the wearer rolls especially well on such a save, the spell can be reflected back at its caster."
Ring of the Assassin Lord (Very Rare),Ring,Yes-Rogue,"200,000 GP",GSB,-,Ring of the Assassin Lord is a very rare magical ring that grants a powerful passive benefit or limited supernatural ability while worn.
Ring of the Golden Directorate (Very Rare),Wondrous Item,Yes,"200,000 GP",GSB,-,Ring of the Golden Directorate is a very rare magical ring that grants a powerful passive benefit or limited supernatural ability while worn.
Ring of Three Wishes (Very Rare),Ring,-,"100,000 GP",DMG,Varies,"This ring contains three charges. While wearing it, the user can expend a charge to cast wish; the ring becomes nonmagical when the last charge is used."
Rings of Spell Sharing (Very Rare),Ring,Yes-Spellcaster,"200,000 GP",GSB,-,Rings of Spell Sharing is a very rare magical ring that grants a powerful passive benefit or limited supernatural ability while worn.
Robe of the Archmagi (Very Rare),Wondrous Item,Attunement,"200,000 GP",DMG,-,"This robe grants a high base Armor Class while unarmored, advantage on saving throws against spells and magical effects, and a bonus to spell attack rolls and spell save DC. Its alignment must match the wearer."
Rod of Lordly Might (Very Rare),Rod,Attunement,"200,000 GP",DMG,Weapon's normal damage,"This +3 rod can transform into several different weapons and useful forms. It also has powerful limited-use abilities that can drain life, paralyze a target, or terrify nearby enemies."
Rod of Resurrection (Very Rare),Rod,Attunement,"200,000 GP",DMG,-,This rod contains charges that can cast powerful healing magic and resurrection magic. Using its strongest resurrection effect risks destroying the rod.
Rose of the Queen Valkyrie (Very Rare),Weapon,Yes,"B+200,000 GP",GSB,Weapon's normal damage,"Rose of the Queen Valkyrie is a very rare magical weapon with potent combat properties, such as enhanced attacks, additional damage, special conditions, or limited activated abilities."
Royal Incinerator (Very Rare),Staff,"Yes-Druid, Sorcerer, Warlock, Wizard","200,000 GP",GSB,-,Royal Incinerator is a very rare magical staff that serves as a weapon or focus and carries one or more powerful magical abilities.
Scarab of Protection (Very Rare),Wondrous Item,Attunement,"200,000 GP",DMG,-,This scarab grants advantage on saving throws against spells and has limited charges that can completely negate certain harmful necromancy and undead effects before losing its magic.
Scroll of the Eclipse (Very Rare),Scroll,No,"100,000 GP",GSB,-,"Scroll of the Eclipse is a very rare consumable magic item that produces a powerful temporary restorative, transformative, protective, or spell-like effect when used."
Scroll of Titan Summoning (Very Rare),Scroll,-,"100,000 GP",DMG,Varies,Reading this powerful scroll summons a titan-like creature or similarly overwhelming ally according to the scroll's specific rules. The scroll is consumed when its magic is successfully used.
Seed of Rebirth (Very Rare),Wondrous Item,Yes,"200,000 GP",GSB,-,"Seed of Rebirth is a very rare magical wondrous item with powerful utility, defensive, movement, control, or combat-related supernatural properties."
"Shaarat'doovol, the Blade of Truth (Very Rare)",Weapon,Attunement,"200,000 GP",EB,Weapon's normal damage,"Shaarat'doovol, the Blade of Truth is a very rare magical weapon with potent combat properties, such as enhanced attacks, additional damage, special conditions, or limited activated abilities."
Shade and Shine (Very Rare),Weapon,Yes,"B+200,000 GP",GSB,Weapon's normal damage,"Shade and Shine is a very rare magical weapon with potent combat properties, such as enhanced attacks, additional damage, special conditions, or limited activated abilities."
Shadowscale Shroud (Very Rare),Armor,Yes,"B+200,000 GP",GSB,Necrotic,"Shadowscale Shroud is a very rare magical defensive item with powerful protective, reactive, movement, or environmental properties associated with its enchantment."
Shadowscale Shroud Armor (Very Rare),Armor,Yes,"B+200,000 GP",GSB,Necrotic,"Shadowscale Shroud Armor is a very rare magical defensive item with powerful protective, reactive, movement, or environmental properties associated with its enchantment."
Shield of the Unmarked Grave (Very Rare),Armor,Yes,"B+200,000 GP",GSB,Necrotic,"Shield of the Unmarked Grave is a very rare magical defensive item with powerful protective, reactive, movement, or environmental properties associated with its enchantment."
Skylit Greaves (Very Rare),Wondrous Item,Yes,"200,000 GP",GSB,-,"Skylit Greaves is a very rare magical wondrous item with powerful utility, defensive, movement, control, or combat-related supernatural properties."
Slaying Longbow (Very Rare),Weapon,No,"B+200,000 GP",GSB,Weapon's normal damage,"Slaying Longbow is a very rare magical weapon with potent combat properties, such as enhanced attacks, additional damage, special conditions, or limited activated abilities."
Smog Baron's Greatcoat (Very Rare),Wondrous Item,Yes,"200,000 GP",GSB,-,"Smog Baron's Greatcoat is a very rare magical wondrous item with powerful utility, defensive, movement, control, or combat-related supernatural properties."
Soul-Searing Scythe (Very Rare),Weapon,Yes,"B+200,000 GP",GSB,Weapon's normal damage,"Soul-Searing Scythe is a very rare magical weapon with potent combat properties, such as enhanced attacks, additional damage, special conditions, or limited activated abilities."
Sovereign Glue (Very Rare),Wondrous Item,-,"100,000 GP",DMG,-,"This adhesive permanently bonds objects together after it cures. The bond is extraordinarily difficult to break and normally requires universal solvent, oil of etherealness, or similarly powerful magic."
Sovereignseed Duffel (Very Rare),Wondrous Item,Yes,"200,000 GP",GSB,-,"Sovereignseed Duffel is a very rare magical wondrous item with powerful utility, defensive, movement, control, or combat-related supernatural properties."
Spell Scroll (Very Rare),Scroll,-,Varies,DMG,Varies,"This scroll contains a single spell. A creature with that spell on its class spell list can attempt to cast it from the scroll, using the scroll's fixed spell attack bonus and save DC; the writing disappears after a successful casting."
Spellfire Bow (Very Rare),Weapon,Yes-Spellcaster,"B+200,000 GP",GSB,Fire + weapon's normal damage,"Spellfire Bow is a very rare magical weapon with potent combat properties, such as enhanced attacks, additional damage, special conditions, or limited activated abilities."
Sphere of Annihilation (Very Rare),Wondrous Item,-,"200,000 GP",DMG,Force,"This 2-foot sphere of absolute darkness annihilates matter that passes through it, dealing severe force damage to creatures it contacts. A creature can attempt to control and move it through force of will, with interference making control harder."
Spire Seed (Very Rare),Wondrous Item,Yes,"200,000 GP",GSB,-,"Spire Seed is a very rare magical wondrous item with powerful utility, defensive, movement, control, or combat-related supernatural properties."
Spirit Cleaver (Very Rare),Weapon,Yes-Rogue,"B+200,000 GP",GSB,Weapon's normal damage,"Spirit Cleaver is a very rare magical weapon with potent combat properties, such as enhanced attacks, additional damage, special conditions, or limited activated abilities."
Sprig of Yggdrasil (Very Rare),Rod,"Yes-Cleric, Druid","200,000 GP",GSB,-,"Sprig of Yggdrasil is a very rare magical rod with a potent activated utility, control, defensive, or combat effect."
Staff of the Arcanum (Very Rare),Staff,Yes-Wizard,"200,000 GP",GSB,-,Staff of the Arcanum is a very rare magical staff that serves as a weapon or focus and carries one or more powerful magical abilities.
Staff of the Ferryman (Very Rare),Staff,"Yes-Cleric, Druid, Warlock, or Wizard","200,000 GP",GSB,-,Staff of the Ferryman is a very rare magical staff that serves as a weapon or focus and carries one or more powerful magical abilities.
Staff of the Magi (Very Rare),Staff,Attunement,"200,000 GP",DMG,Varies,"This +2 quarterstaff grants spell resistance, contains many charges for powerful spells, and can absorb incoming spells to restore charges. Breaking it intentionally releases a devastating retributive strike that may also teleport the wielder."
Staff of the Weaver Arcane (Very Rare),Staff,"Yes-Sorcerer, Wizard","200,000 GP",GSB,-,Staff of the Weaver Arcane is a very rare magical staff that serves as a weapon or focus and carries one or more powerful magical abilities.
Starfire Katana (Very Rare),Weapon,Yes,"B+200,000 GP",GSB,Fire + weapon's normal damage,"Starfire Katana is a very rare magical weapon with potent combat properties, such as enhanced attacks, additional damage, special conditions, or limited activated abilities."
Starmetal Nova Armor (Very Rare),Armor,Yes,"B+200,000 GP",GSB,-,"Starmetal Nova Armor is a very rare magical defensive item with powerful protective, reactive, movement, or environmental properties associated with its enchantment."
Starmetal Shield (Very Rare),Armor,Yes,"B+200,000 GP",GSB,-,"Starmetal Shield is a very rare magical defensive item with powerful protective, reactive, movement, or environmental properties associated with its enchantment."
Starmetal Solar Axe (Very Rare),Weapon,Yes,"B+200,000 GP",GSB,Weapon's normal damage,"Starmetal Solar Axe is a very rare magical weapon with potent combat properties, such as enhanced attacks, additional damage, special conditions, or limited activated abilities."
Storm Thrower Harpoon (Very Rare),Weapon,Yes,"B+200,000 GP",GSB,Weapon's normal damage,"Storm Thrower Harpoon is a very rare magical weapon with potent combat properties, such as enhanced attacks, additional damage, special conditions, or limited activated abilities."
Sword of Answering (Very Rare),Weapon,Attunement,"B+200,000 GP",DMG,Weapon's normal damage,"This +3 longsword is tied to a specific alignment. While attuned by a matching wielder, it can make a special reaction attack against a creature that damages the wielder, with additional benefits on that answering strike."
Sword of Damocles (Very Rare),Weapon,Yes-Lawful,"B+200,000 GP",GSB,Weapon's normal damage,"Sword of Damocles is a very rare magical weapon with potent combat properties, such as enhanced attacks, additional damage, special conditions, or limited activated abilities."
Sword of Damocles (Very Rare),Weapon,Yes-Lawful,"B+200,000 GP",GSB,Weapon's normal damage,"Sword of Damocles is a very rare magical weapon with potent combat properties, such as enhanced attacks, additional damage, special conditions, or limited activated abilities."
Sword of the Spelldrinker (Very Rare),Weapon,Yes,"B+200,000 GP",GSB,Weapon's normal damage,"Sword of the Spelldrinker is a very rare magical weapon with potent combat properties, such as enhanced attacks, additional damage, special conditions, or limited activated abilities."
Talisman of Pure Good (Very Rare),Wondrous Item,Attunement,"100,000 GP",DMG,Radiant,"A good-aligned divine spellcaster can use this talisman to gain a bonus to spell attack rolls and, a limited number of times, open a fiery fissure beneath an evil creature; an unworthy bearer suffers harmful effects."
Talisman of the Sphere (Very Rare),Wondrous Item,Attunement,"200,000 GP",DMG,Force,This talisman improves its wearer's ability to control a sphere of annihilation. A creature that controls a sphere can use the talisman to move it more effectively and can direct it against another creature controlling the same sphere.
Talisman of Ultimate Evil (Very Rare),Wondrous Item,Attunement,"100,000 GP",DMG,Necrotic,"An evil-aligned divine spellcaster can use this talisman to gain a bonus to spell attack rolls and, a limited number of times, open a fiery fissure beneath a good creature; an unworthy bearer suffers harmful effects."
Tarrasque Plate (Very Rare),Armor,Yes-Paladin,"B+200,000 GP",GSB,-,"Tarrasque Plate is a very rare magical defensive item with powerful protective, reactive, movement, or environmental properties associated with its enchantment."
The Last Standard (Very Rare),Weapon,Yes,"B+200,000 GP",GSB,Weapon's normal damage,"The Last Standard is a very rare magical weapon with potent combat properties, such as enhanced attacks, additional damage, special conditions, or limited activated abilities."
The Pallid Veil (Very Rare),Wondrous Item,"Yes-Cleric, Warlock, or Wizard","200,000 GP",GSB,-,"The Pallid Veil is a very rare magical wondrous item with powerful utility, defensive, movement, control, or combat-related supernatural properties."
The Timekeeper's Pendulum (Very Rare),Weapon,Yes,"B+200,000 GP",GSB,Weapon's normal damage,"The Timekeeper's Pendulum is a very rare magical weapon with potent combat properties, such as enhanced attacks, additional damage, special conditions, or limited activated abilities."
Thornpiercer (Very Rare),Weapon,Yes,"B+200,000 GP",GSB,Weapon's normal damage,"Thornpiercer is a very rare magical weapon with potent combat properties, such as enhanced attacks, additional damage, special conditions, or limited activated abilities."
Tideborn Trident (Very Rare),Weapon,Yes,"B+200,000 GP",GSB,Weapon's normal damage,"Tideborn Trident is a very rare magical weapon with potent combat properties, such as enhanced attacks, additional damage, special conditions, or limited activated abilities."
Tome of Lost Knowledge (Very Rare),Wondrous Item,Yes-Wizard,"200,000 GP",GSB,-,"Tome of Lost Knowledge is a very rare magical wondrous item with powerful utility, defensive, movement, control, or combat-related supernatural properties."
Tome of Planar Wonderings and Wanderings (Very Rare),Wondrous Item,No,"200,000 GP",GSB,-,Tome of Planar Wonderings and Wanderings is a very rare magical ring that grants a powerful passive benefit or limited supernatural ability while worn.
Tome of the Dragon (Very Rare),Wondrous Item,-,"200,000 GP",FRAiF,-,"Tome of the Dragon is a very rare magical wondrous item with powerful utility, defensive, movement, control, or combat-related supernatural properties."
Tome of the Stilled Tongue (Very Rare),Wondrous Item,Attunement,"200,000 GP",DMG,-,"This spellbook can serve as a wizard's spellbook and arcane focus. Its attuned owner can use it to cast one written spell without expending a spell slot, after which that property recharges; the book is also connected to Vecna."
Tome of the Unknowable (Very Rare),Wondrous Item,No,"200,000 GP",GSB,-,"Tome of the Unknowable is a very rare magical wondrous item with powerful utility, defensive, movement, control, or combat-related supernatural properties."
Tyrant's End (Very Rare),Weapon,Yes,"B+200,000 GP",GSB,Weapon's normal damage,"Tyrant's End is a very rare magical weapon with potent combat properties, such as enhanced attacks, additional damage, special conditions, or limited activated abilities."
Underworld Asphodel Regalia (Very Rare),Wondrous Item,"Yes-Cleric, Wizard","200,000 GP",GSB,-,"Underworld Asphodel Regalia is a very rare magical wondrous item with powerful utility, defensive, movement, control, or combat-related supernatural properties."
Universal Solvent (Very Rare),Wondrous Item,-,"100,000 GP",DMG,-,Applying this rare liquid dissolves sovereign glue and can separate objects that were permanently bonded by it. A container holds only a small number of applications.
Violet King's Promise (Very Rare),Weapon,"Yes-Bard, Cleric, Paladin, Ranger","B+200,000 GP",GSB,Weapon's normal damage,"Violet King's Promise is a very rare magical weapon with potent combat properties, such as enhanced attacks, additional damage, special conditions, or limited activated abilities."
Visage of Delight and Disaster (Very Rare),Wondrous Item,Yes-Cha 17,"200,000 GP",GSB,-,"Visage of Delight and Disaster is a very rare magical wondrous item with powerful utility, defensive, movement, control, or combat-related supernatural properties."
Vorpal Sword (Very Rare),Weapon,Attunement,"B+200,000 GP",DMG,Weapon's normal damage,"This +3 slashing weapon ignores resistance to slashing damage. On a natural 20, it can sever the target's head if the creature can survive without one; otherwise it deals a large amount of extra slashing damage."
Wand of the Alicorn (Very Rare),Wand,Yes-Good Spellcaster,"200,000 GP",GSB,-,Wand of the Alicorn is a very rare magical wand with charges or limited uses that produce a powerful spell-like or supernatural effect.
Well of Many Worlds (Very Rare),Wondrous Item,-,"200,000 GP",DMG,-,"Unfolding and placing this cloth creates a two-way portal to another world or plane selected randomly by the item. Folding the cloth closes the portal, and reopening it later can lead somewhere different."
Windrazor (Very Rare),Weapon,Yes,"B+200,000 GP",GSB,Weapon's normal damage,"Windrazor is a very rare magical weapon with potent combat properties, such as enhanced attacks, additional damage, special conditions, or limited activated abilities."
Worldbreaker (Very Rare),Weapon,Yes-Str 17,"B+200,000 GP",GSB,Weapon's normal damage,"Worldbreaker is a very rare magical weapon with potent combat properties, such as enhanced attacks, additional damage, special conditions, or limited activated abilities."
